CONTRACT_D,PREVIOUS_S,OPEN_PRICE,HIGH_PRICE,LOW_PRICE,CLOSE_PRIC,SETTLEMENT,NET_CHANGE,OI_NO_CON,TRADED_QUA,TRD_NO_CON,TRADED_VAL
FUTSTKAMBER28-AUG-2025,7206,7216,7364.5,7156,7229.5,7254,0.66,1613,221100,2211,1605846500
FUTSTKAMBER28-OCT-2025,7291,7334,7398,7305,7316,7316,0.34,37,1100,11,8072500
FUTSTKAMBER30-SEP-2025,7254,7227.5,7419.5,7204,7279.5,7279.5,0.35,6070,289600,2896,2121217750
FUTSTKAPOLLOHOSP28-AUG-2025,7773.5,7761,7808.5,7711,7732,7728,-0.58,2501,415750,3326,3228262063
FUTSTKAPOLLOHOSP30-SEP-2025,7824,7801.5,7852.5,7765.5,7778.5,7778.5,-0.58,21903,637125,5097,4977847375
FUTSTKAPOLLOHOSP28-OCT-2025,7868.5,7831,7895,7807.5,7812.5,7812.5,-0.71,245,21375,171,167656500
FUTSTKBANKBARODA30-SEP-2025,236.03,236.15,237.03,232.78,234.33,234.33,-0.72,38531,41988375,14355,9844472459
FUTSTKBANKBARODA28-OCT-2025,237.4,237.31,237.31,234,235.78,235.78,-0.68,561,728325,249,171679218.8
FUTSTKBANKBARODA28-AUG-2025,234.79,235.29,236.12,231.53,232.93,233.24,-0.66,1113,36498150,12478,8513000438
FUTSTKCIPLA30-SEP-2025,1586,1589.6,1592.8,1575.1,1586.2,1586.2,0.01,28769,2131875,5685,3380482163
FUTSTKCIPLA28-OCT-2025,1594.5,1598.2,1598.3,1586.2,1594.4,1594.4,0,80,13875,37,22107975
FUTSTKCIPLA28-AUG-2025,1577.5,1580.3,1585.5,1568.2,1579.1,1580.3,0.17,2411,1574625,4199,2485630163
FUTSTKEXIDEIND28-OCT-2025,400.95,401.45,401.5,396.6,397.5,397.5,-0.86,392,345600,192,137976840
FUTSTKEXIDEIND28-AUG-2025,396.65,395,397.65,391.1,392.95,394,-0.66,852,9322200,5179,3678989040
FUTSTKEXIDEIND30-SEP-2025,398.75,398.1,399.9,392.95,395.35,395.35,-0.85,16258,10222200,5679,4058047350
FUTSTKGRASIM28-OCT-2025,2826.7,2810.3,2832.5,2810.3,2815.5,2815.5,-0.39,87,12250,49,34583825
FUTSTKGRASIM28-AUG-2025,2796.5,2736.8,2803.4,2736.8,2783.4,2784.3,-0.43,438,2178000,8712,6079320100
FUTSTKGRASIM30-SEP-2025,2813,2811.5,2819.1,2793.2,2800,2800,-0.46,51678,2470000,9880,6931591200
FUTSTKHINDALCO28-AUG-2025,704.5,701.1,706.4,697,699.3,701.4,-0.44,1967,7337400,5241,5152298690
FUTSTKHINDALCO28-OCT-2025,712.05,707.95,714.5,706,707.55,707.55,-0.63,1332,228200,163,162027250
FUTSTKHINDALCO30-SEP-2025,708.3,706.15,711,702,703.85,703.85,-0.62,35896,9734200,6953,6877896410
FUTSTKICICIGI28-OCT-2025,1891.4,1883.8,1907,1873.6,1880,1880,-0.6,75,12350,38,23298730
FUTSTKICICIGI30-SEP-2025,1884.7,1882.7,1905.1,1862,1870.8,1870.8,-0.73,15338,1854125,5705,3493485840
FUTSTKICICIGI28-AUG-2025,1874.3,1875.2,1894.8,1852.1,1862.4,1860.3,-0.74,593,1760525,5417,3298525198
FUTSTKICICIPRULI30-SEP-2025,618.75,617.2,625,611.05,612.65,612.65,-0.98,12165,2648275,2863,1638282485
FUTSTKICICIPRULI28-OCT-2025,622.4,621.8,628,613.65,616.45,616.45,-0.95,129,71225,77,44355368.75
FUTSTKICICIPRULI28-AUG-2025,615.75,619.1,622.25,608,609.75,609.55,-1,1244,2238500,2420,1377820106
FUTSTKINDIGO28-AUG-2025,6037,5881.5,5890,5707.5,5731.5,5726.5,-5.14,3217,4178250,27855,24099799725
FUTSTKINDIGO30-SEP-2025,6050,5912,5912,5730,5747.5,5747.5,-5,57500,7618800,50792,44129105025
FUTSTKINDIGO28-OCT-2025,6058,5884,5884,5753,5773,5773,-4.7,622,119550,797,695018625
FUTSTKINOXWIND28-AUG-2025,142.05,141.57,141.58,136.51,136.83,136.98,-3.56,1665,18490072,5651,2561699778
FUTSTKINOXWIND28-OCT-2025,143.06,141.74,141.74,137.9,138.22,138.22,-3.38,390,1069944,327,149662098
FUTSTKINOXWIND30-SEP-2025,142.23,141.53,142.18,137.31,137.57,137.57,-3.27,12240,22089272,6751,3077440827
FUTSTKKEI30-SEP-2025,3890.7,3891.4,3943.9,3834.8,3873,3873,-0.45,5117,360850,2062,1404933198
FUTSTKKEI28-OCT-2025,3915.7,3932.4,3932.4,3895,3908.7,3908.7,-0.17,26,3850,22,15075462.5
FUTSTKKEI28-AUG-2025,3872,3892,3925.9,3813.5,3852.4,3863,-0.23,1046,293650,1678,1137362083
FUTSTKLODHA28-OCT-2025,1245.6,1221,1256.5,1220,1222.4,1222.4,-1.86,127,45000,100,55477170
FUTSTKLODHA30-SEP-2025,1242,1216.7,1254.7,1213.3,1215.4,1215.4,-2.14,18699,2711700,6026,3322697085
FUTSTKLODHA28-AUG-2025,1235,1210.1,1251.1,1203.9,1208.2,1208.2,-2.17,406,2184300,4854,2661428340
FUTSTKMUTHOOTFIN30-SEP-2025,2686.2,2682,2707.6,2648.2,2657,2657,-1.08,12259,1425050,5182,3813597563
FUTSTKMUTHOOTFIN28-OCT-2025,2695.6,2679.4,2713.8,2667.8,2672.3,2672.3,-0.86,100,5500,20,14750807.5
FUTSTKMUTHOOTFIN28-AUG-2025,2667.6,2672.1,2689.8,2630.8,2639.8,2644.8,-0.85,5354,1263075,4593,3358921280
FUTSTKNCC30-SEP-2025,213,212.73,213.58,208.06,209.11,209.11,-1.82,4973,7554600,2798,1599925527
FUTSTKNCC28-AUG-2025,211.8,211.16,212.36,206.78,208.28,207.93,-1.82,607,7813800,2894,1644891624
FUTSTKNCC28-OCT-2025,214.18,214,214.71,209.6,210.33,210.33,-1.79,200,326700,121,69603921
FUTSTKNESTLEIND30-SEP-2025,1170,1168.1,1172.8,1162.1,1167.6,1167.6,-0.2,40616,2621500,5243,3062534350
FUTSTKNESTLEIND28-AUG-2025,1164.5,1151,1167.7,1151,1163.4,1162.4,-0.18,1110,2107000,4214,2448842300
FUTSTKNESTLEIND28-OCT-2025,1174.9,1174,1179.1,1168.5,1174.4,1174.4,-0.04,322,52500,105,61622250
FUTSTKPERSISTENT28-AUG-2025,5387.5,5365.5,5382.5,5284.5,5309.5,5313.5,-1.37,1614,596300,5963,3185769950
FUTSTKPERSISTENT28-OCT-2025,5443.5,5421,5434,5340,5363,5363,-1.47,352,28900,289,156265250
FUTSTKPERSISTENT30-SEP-2025,5414.5,5390.5,5410,5313,5337.5,5337.5,-1.42,23845,760100,7601,4081311250
FUTSTKRECLTD28-AUG-2025,363.7,363,363,353.65,354.25,354.9,-2.41,2969,34687650,27206,12398063344
FUTSTKRECLTD30-SEP-2025,365.5,364.5,364.5,355.55,356.3,356.3,-2.51,64530,39717525,31151,14273956436
FUTSTKRECLTD28-OCT-2025,367.35,367.35,367.35,357,358.4,358.4,-2.43,2498,2850900,2236,1030070970
FUTSTKTATACONSUM28-AUG-2025,1081.2,1085.1,1085.8,1058.4,1061.4,1062.4,-1.73,640,2300650,4183,2457548500
FUTSTKTATACONSUM30-SEP-2025,1087.1,1091.4,1091.4,1065,1067.8,1067.8,-1.77,25010,2876500,5230,3089573135
FUTSTKTATACONSUM28-OCT-2025,1092.1,1093,1093.2,1072,1074,1074,-1.65,146,38500,70,41587975
FUTSTKULTRACEMCO28-OCT-2025,12766,12671,12780,12621,12679,12679,-0.68,530,4500,90,57160450
FUTSTKULTRACEMCO30-SEP-2025,12689,12663,12729,12541,12605,12605,-0.66,44266,483850,9677,6118948300
FUTSTKULTRACEMCO28-AUG-2025,12604,12537,12655,12463,12533,12521,-0.65,2457,428650,8573,5392589400
FUTSTKVBL28-AUG-2025,509.65,514.6,514.6,496.7,498.9,497.7,-2.34,6958,4006725,3909,2012931900
FUTSTKVBL30-SEP-2025,512,511.55,515.55,498.6,500.35,500.35,-2.27,26672,4412625,4305,2228360558
FUTSTKVBL28-OCT-2025,514.85,514.3,514.35,501.5,502.6,502.6,-2.37,796,149650,146,75807308.75
FUTSTKBAJAJFINSV28-OCT-2025,1941.2,1945,1957.7,1932,1936.1,1936.1,-0.26,411,78500,157,152585650
FUTSTKBAJAJFINSV30-SEP-2025,1931.3,1930.7,1946.9,1920.5,1926.2,1926.2,-0.26,33624,4023000,8046,7779819700
FUTSTKBAJAJFINSV28-AUG-2025,1920.6,1929,1935,1910.7,1919,1917.6,-0.15,1015,3702000,7404,7122490450
FUTIDXBANKNIFTY28-AUG-2025,54525.6,54398.6,54424.2,53779,53813.4,53820.35,-1.29,19674,1996470,57042,1.07931E+11
FUTIDXBANKNIFTY28-OCT-2025,55117.8,55019.8,55019.8,54509,54543.6,54543.6,-1.04,4681,129710,3706,7096602905
FUTIDXBANKNIFTY30-SEP-2025,54827,54720.2,54736.6,54200.2,54259.4,54259.4,-1.03,78655,1914150,54690,1.04126E+11
FUTSTKBHEL28-OCT-2025,213.96,213.96,215.74,210.61,211.06,211.06,-1.35,935,1220625,465,260375272.5
FUTSTKBHEL30-SEP-2025,212.82,212.71,214.51,209.5,209.7,209.7,-1.46,22839,28657125,10917,6070189939
FUTSTKBHEL28-AUG-2025,211.79,211.64,213.4,208.13,208.64,208.5,-1.55,1335,26575500,10124,5601144439
FUTSTKCANBK28-AUG-2025,105.99,106.34,106.34,104.52,104.66,104.63,-1.28,952,75478500,11182,7942848660
FUTSTKCANBK28-OCT-2025,107.11,107.15,107.21,105.67,105.77,105.77,-1.25,849,3415500,506,363313350
FUTSTKCANBK30-SEP-2025,106.55,106.98,106.98,105.1,105.22,105.22,-1.24,33246,86494500,12814,9149768303
FUTSTKCUMMINSIND28-OCT-2025,3853.2,3850.2,3865.9,3802.1,3842.4,3842.4,-0.28,62,12000,60,46028900
FUTSTKCUMMINSIND28-AUG-2025,3823.8,3820.7,3843.1,3771.1,3831.1,3835.2,0.29,1319,725000,3625,2766619380
FUTSTKCUMMINSIND30-SEP-2025,3838.2,3830.6,3848.8,3780,3830.2,3830.2,-0.2,15419,1119200,5596,4276063780
FUTSTKICICIBANK28-AUG-2025,1416.8,1405.9,1411.9,1396.6,1400.9,1399.1,-1.24,3140,23027200,32896,32341737050
FUTSTKICICIBANK28-OCT-2025,1431.3,1422,1426,1412.6,1415,1415,-1.13,10500,263200,376,373427670
FUTSTKICICIBANK30-SEP-2025,1424.7,1414.2,1420,1405.8,1408.1,1408.1,-1.16,142481,29799700,42571,42063369390
FUTSTKKOTAKBANK30-SEP-2025,1978.6,1973.5,1977.9,1954.1,1958.5,1958.5,-1.01,86600,10119200,25298,19876454560
FUTSTKKOTAKBANK28-AUG-2025,1966.5,1945.6,1965.3,1940.9,1944.9,1944.7,-1.1,8962,6977600,17444,13620842360
FUTSTKKOTAKBANK28-OCT-2025,1989.2,1985.9,1987,1963.6,1968.4,1968.4,-1.04,6612,232800,582,459816320
FUTSTKMFSL30-SEP-2025,1630,1632,1652.8,1591.2,1616.2,1616.2,-0.84,5618,1544000,1930,2515703440
FUTSTKMFSL28-OCT-2025,1637.6,1639,1657,1623,1623,1623,-0.89,21,11200,14,18361440
FUTSTKMFSL28-AUG-2025,1620.6,1604,1643.9,1600.5,1608.7,1608.7,-0.73,259,1028000,1285,1666264880
FUTSTKPAGEIND30-SEP-2025,44805,44400,44585,43740,44100,44100,-1.57,15659,52950,3530,2340476775
FUTSTKPAGEIND28-OCT-2025,44250,43840,44030,43340,43715,43715,-1.2,69,705,47,30846600
FUTSTKPAGEIND28-AUG-2025,45615,45200,45285,43880,44115,44150,-3.21,1686,43095,2873,1911622275
FUTSTKTATASTEEL28-AUG-2025,155.2,155.51,155.51,152.88,153.15,153.63,-1.01,1358,41404000,7528,6384755190
FUTSTKTATASTEEL28-OCT-2025,156.87,156.46,157.07,154.76,155.06,155.06,-1.15,1122,2227500,405,346911840
FUTSTKTATASTEEL30-SEP-2025,155.96,156.05,156.23,153.83,154.2,154.2,-1.12,31700,55764500,10139,8646418385
FUTSTKTITAGARH28-OCT-2025,869.75,866,866,840,845.65,845.65,-2.77,254,136300,188,115974226.3
FUTSTKTITAGARH28-AUG-2025,871.25,862.95,865.45,835.65,840.95,840.35,-3.54,784,5426625,7485,4602956270
FUTSTKTITAGARH30-SEP-2025,867.4,861.65,865.2,838.9,843.95,843.95,-2.7,7567,4682775,6459,3976851345
FUTSTKUNIONBANK28-AUG-2025,129.56,129.24,129.75,126.75,126.99,127.08,-1.91,1097,17425650,3938,2229836531
FUTSTKUNIONBANK28-OCT-2025,130.89,130.51,132,128.21,128.47,128.47,-1.84,230,641625,145,83233807.5
FUTSTKUNIONBANK30-SEP-2025,130.09,130.04,130.15,127.5,127.76,127.76,-1.79,19732,21983400,4968,2829028878
FUTSTK360ONE28-AUG-2025,1085.4,1076.5,1082.3,1029.6,1043.8,1043.9,-3.82,3687,1034500,2069,1086799500
FUTSTK360ONE30-SEP-2025,1091.8,1077.1,1077.1,1033,1046.3,1046.3,-4.16,6707,1449000,2898,1528834550
FUTSTK360ONE28-OCT-2025,1098.9,1068.2,1069.3,1047,1051.1,1051.1,-4.34,23,8500,17,9020750
FUTSTKAUBANK28-OCT-2025,742.15,742,742,731,734.1,734.1,-1.08,399,159000,159,116886600
FUTSTKAUBANK30-SEP-2025,743.25,745.85,746.95,730.2,733.65,733.65,-1.29,18444,8705000,8705,6396622900
FUTSTKAUBANK28-AUG-2025,745.4,745.9,749.4,727.7,729.85,729.25,-2.16,555,6502000,6502,4778398250
FUTSTKCHOLAFIN28-OCT-2025,1477,1457,1470,1447.9,1450.7,1450.7,-1.78,149,53750,86,78419812.5
FUTSTKCHOLAFIN28-AUG-2025,1474.5,1467.6,1469.2,1436.1,1440.7,1439.8,-2.35,498,2405000,3848,3487924313
FUTSTKCHOLAFIN30-SEP-2025,1476,1470,1475,1444,1447.8,1447.8,-1.91,18101,3433750,5494,5001624125
FUTSTKCROMPTON30-SEP-2025,326.5,325.2,327.7,321.9,325.2,325.2,-0.39,22865,6424200,3569,2087384940
FUTSTKCROMPTON28-OCT-2025,328.15,326.7,329.35,323.7,326.95,326.95,-0.36,246,230400,128,75295710
FUTSTKCROMPTON28-AUG-2025,324.65,322.8,326.15,320,323.35,324.05,-0.18,255,5353200,2974,1730599290
FUTSTKDABUR28-AUG-2025,523.15,523.35,524.95,512.35,513.5,513.85,-1.77,687,6023750,4819,3117257750
FUTSTKDABUR30-SEP-2025,525.75,526,527.85,516,517,517,-1.66,15836,7058750,5647,3675179563
FUTSTKDABUR28-OCT-2025,528.55,528.75,528.75,519,519.7,519.7,-1.67,196,131250,105,68760562.5
FUTSTKDALBHARAT30-SEP-2025,2375.8,2370.7,2383.8,2346.2,2366,2366,-0.41,6735,719550,2214,1701280620
FUTSTKDALBHARAT28-AUG-2025,2365.2,2358.6,2374.5,2336.9,2356.9,2351.4,-0.58,4017,727675,2239,1712443168
FUTSTKDALBHARAT28-OCT-2025,2377.7,2353,2384,2352.9,2370,2370,-0.32,39,6825,21,16169010
FUTSTKGODREJCP28-OCT-2025,1268.2,1266.7,1289.4,1259.8,1260.4,1260.4,-0.61,55,25500,51,32461550
FUTSTKGODREJCP30-SEP-2025,1262.9,1261.8,1284.7,1252.7,1255.4,1255.4,-0.59,12254,2441000,4882,3091838350
FUTSTKGODREJCP28-AUG-2025,1257.6,1253.9,1280,1249.4,1252.6,1250.6,-0.55,3399,754000,1508,949851600
FUTSTKHDFCLIFE28-AUG-2025,774.25,773.95,788.6,769.6,774.95,775.35,0.14,1756,5696900,5179,4437990535
FUTSTKHDFCLIFE28-OCT-2025,783.05,784.05,795.5,778.55,783,783,0,152,66000,60,51877485
FUTSTKHDFCLIFE30-SEP-2025,778.95,779.05,791.65,774,778.8,778.8,-0.01,23205,6836500,6215,5350773780
FUTSTKIREDA30-SEP-2025,141.95,140.57,143.31,139.65,141.29,141.29,-0.46,8961,14986800,4344,2125937817
FUTSTKIREDA28-AUG-2025,144.19,143.51,145,140.31,140.86,141.03,-2.19,510,14441700,4186,2062571219
FUTSTKIREDA28-OCT-2025,141.64,141.36,142.92,140.05,141.07,141.07,-0.4,917,1714650,497,242941134
FUTSTKM&M28-AUG-2025,3335.5,3356.2,3360,3287.5,3302.3,3295.3,-1.2,3075,2730600,13653,9024903140
FUTSTKM&M28-OCT-2025,3373.5,3360.4,3360.7,3325,3328.9,3328.9,-1.32,4004,133400,667,445057400
FUTSTKM&M30-SEP-2025,3353.4,3367.3,3372.1,3305,3312.9,3312.9,-1.2,88256,3706600,18533,12312696400
FUTSTKMARICO30-SEP-2025,722.55,722.6,722.6,712.05,713.85,713.85,-1.2,22237,3937200,3281,2819205420
FUTSTKMARICO28-OCT-2025,726.7,718.05,724.1,716.5,717.7,717.7,-1.23,54,52800,44,37945740
FUTSTKMARICO28-AUG-2025,718.6,705.6,722.85,705.6,709.8,711.6,-0.97,277,2416800,2014,1721047920
FUTSTKMARUTI28-AUG-2025,14664,14800,14816,14595,14718,14752,0.6,35025,1191550,23831,17531666100
FUTSTKMARUTI30-SEP-2025,14757,14800,14960,14687,14813,14813,0.37,59659,1284400,25688,19018429900
FUTSTKMARUTI28-OCT-2025,14837,14918,14934,14768,14883,14883,0.31,954,18800,376,279631700
FUTSTKMPHASIS28-OCT-2025,2910.2,2870,2885,2858.8,2858.8,2858.8,-1.76,84,6875,25,19759327.5
FUTSTKMPHASIS30-SEP-2025,2890.6,2871.3,2887.2,2840.2,2848.2,2848.2,-1.46,13856,1218250,4430,3482491540
FUTSTKMPHASIS28-AUG-2025,2875.3,2868.1,2874.1,2823.6,2838,2831.9,-1.5,880,1007050,3662,2866918313
FUTSTKOBEROIRLTY30-SEP-2025,1644.7,1639.8,1658.8,1620.8,1625.1,1625.1,-1.19,13090,1428000,4080,2328990860
FUTSTKOBEROIRLTY28-OCT-2025,1652.8,1640,1644.1,1630.5,1632.2,1632.2,-1.24,98,14700,42,24082380
FUTSTKOBEROIRLTY28-AUG-2025,1636.7,1633.6,1648.6,1612.7,1617.1,1618.8,-1.09,547,1381100,3946,2240411705
FUTSTKPGEL30-SEP-2025,558.95,560.05,560.6,542.6,544,544,-2.67,10941,4095700,5851,2258810855
FUTSTKPGEL28-OCT-2025,562.2,558,561.85,545.35,547.15,547.15,-2.67,360,60200,86,33307435
FUTSTKPGEL28-AUG-2025,556.95,557.05,559.4,538.6,540.8,541.25,-2.81,1024,2976400,4252,1630588260
FUTSTKSAIL28-AUG-2025,120.09,119.76,120,118.01,119.17,119.25,-0.69,1680,32242000,6860,3838796534
FUTSTKSAIL30-SEP-2025,119.16,118.74,119.14,117.12,118.34,118.34,-0.68,29290,37280400,7932,4408214506
FUTSTKSAIL28-OCT-2025,119.64,119.2,119.75,117.85,118.99,118.99,-0.54,515,1348900,287,160938105
FUTSTKSHREECEM28-OCT-2025,30125,30155,30335,29920,29930,29930,-0.64,26,350,14,10549875
FUTSTKSHREECEM30-SEP-2025,30255,29875,30305,29825,29845,29845,-1.35,9377,67150,2686,2013959250
FUTSTKSHREECEM28-AUG-2025,30090,29970,30160,29655,29695,29675,-1.37,681,55225,2209,1646728375
FUTSTKSRF28-AUG-2025,2851,2843.8,2861.8,2813.2,2845.9,2850.8,0,2092,1158600,5793,3293262620
FUTSTKSRF28-OCT-2025,2881.7,2868.9,2889.9,2844,2875.7,2875.7,-0.2,165,20000,100,57475300
FUTSTKSRF30-SEP-2025,2867.8,2863.8,2877.4,2830.2,2864.9,2864.9,-0.1,16677,1267000,6335,3623655640
FUTSTKTATATECH30-SEP-2025,682.65,677.15,683.15,662.5,665.4,665.4,-2.52,11191,5133600,6417,3448470600
FUTSTKTATATECH28-OCT-2025,687,684.1,687,666.55,669.75,669.75,-2.51,571,208000,260,140664360
FUTSTKTATATECH28-AUG-2025,681.15,667.55,680,658.6,661.9,662.2,-2.78,531,4526400,5658,3025721360
FUTSTKUPL30-SEP-2025,719.8,727.85,732.2,708.9,710.8,710.8,-1.25,22126,10646235,7857,7667648933
FUTSTKUPL28-AUG-2025,720,723.35,732.5,712.5,714.95,716.7,-0.45,1224,9452480,6976,6819096985
FUTSTKUPL28-OCT-2025,722.25,730,736,712,713.1,713.1,-1.26,122,153115,113,110490832.8
FUTSTKADANIPORTS28-AUG-2025,1313.7,1316.6,1338.2,1310,1317.4,1315.4,0.12,3333,5614500,11820,7429611848
FUTSTKADANIPORTS28-OCT-2025,1327.6,1330.9,1351.8,1323.8,1330.7,1330.7,0.23,1028,397575,837,532882502.5
FUTSTKADANIPORTS30-SEP-2025,1320.7,1322.9,1344.9,1317.6,1324,1324,0.24,47121,6760675,14233,8990895998
FUTSTKBSE30-SEP-2025,2222,2223,2236.6,2182,2188.6,2188.6,-1.5,31119,6274875,16733,13876001138
FUTSTKBSE28-AUG-2025,2220.9,2220,2231.4,2168.3,2175.2,2178.4,-1.91,5784,4850625,12935,10688267138
FUTSTKBSE28-OCT-2025,2228.9,2214.6,2240.6,2190.5,2198.5,2198.5,-1.36,1405,230625,615,511451250
FUTSTKCDSL28-AUG-2025,1492.5,1492.7,1499.9,1446.6,1450.6,1452,-2.71,1126,3863650,8134,5698387708
FUTSTKCDSL30-SEP-2025,1486.6,1487.5,1495.8,1454.5,1457.6,1457.6,-1.95,18568,4522000,9520,6667175858
FUTSTKCDSL28-OCT-2025,1489.5,1488.2,1495.5,1456,1460.3,1460.3,-1.96,1203,286425,603,423210465
FUTSTKCOLPAL28-OCT-2025,2310.4,2287.8,2311,2274.8,2286.7,2286.7,-1.02,598,61650,274,141489315
FUTSTKCOLPAL30-SEP-2025,2298.3,2281,2299.7,2253.5,2275.8,2275.8,-0.97,21185,1893825,8417,4319620943
FUTSTKCOLPAL28-AUG-2025,2286.8,2260.1,2286.3,2247.8,2263.3,2262.7,-1.05,1340,1354275,6019,3074101178
FUTSTKGAIL28-AUG-2025,171.77,170.81,172.5,169.52,171.1,171.22,-0.32,2494,29424150,9341,5048994951
FUTSTKGAIL30-SEP-2025,172.68,172.1,173.5,170.6,172.02,172.02,-0.38,31807,33040350,10489,5699948090
FUTSTKGAIL28-OCT-2025,173.6,173.1,174.5,171.38,173.12,173.12,-0.27,765,1351350,429,234410274
FUTSTKHINDZINC28-OCT-2025,435,434.1,434.25,425.25,426.45,426.45,-1.96,485,426300,348,182880127.5
FUTSTKHINDZINC28-AUG-2025,429.6,429.6,430.7,420.2,421.45,421.7,-1.83,668,10702825,8737,4541840993
FUTSTKHINDZINC30-SEP-2025,431.95,432.15,432.2,422.6,423.85,423.85,-1.87,21933,10816750,8830,4614489128
FUTSTKIDEA30-SEP-2025,6.75,6.74,6.75,6.56,6.6,6.6,-2.22,75171,1773437700,24812,11760918203
FUTSTKIDEA28-OCT-2025,6.79,6.76,6.8,6.61,6.64,6.64,-2.2,2756,88128675,1233,588292141.5
FUTSTKIDEA28-AUG-2025,6.71,6.71,6.72,6.52,6.57,6.57,-2.08,1550,1459233600,20416,9619322784
FUTSTKIEX30-SEP-2025,141.92,141.6,142.64,139.37,140.42,140.42,-1.05,8929,15105000,4028,2135438250
FUTSTKIEX28-AUG-2025,141.49,141.18,142.19,139.43,139.77,139.75,-1.22,3186,15172500,4046,2135479313
FUTSTKIEX28-OCT-2025,142.51,142.71,143.28,140.01,141.16,141.16,-0.94,301,776250,207,110033475
FUTSTKIRB28-AUG-2025,44.15,43.91,44,42.04,42.32,42.36,-4.05,1041,42567050,3646,1821498358
FUTSTKLT30-SEP-2025,3564.2,3564.7,3592,3556.6,3573.7,3573.7,0.26,81477,3700200,21144,13231453095
FUTSTKLT28-AUG-2025,3543.9,3550.9,3572,3531.6,3554.5,3560.1,0.45,4114,3106775,17753,11058897028
FUTSTKLT28-OCT-2025,3583.4,3582.5,3613.5,3575.3,3593.5,3593.5,0.28,2825,76650,438,275505842.5
FUTSTKMAXHEALTH28-OCT-2025,1193.8,1185,1185,1167.1,1172.9,1172.9,-1.75,154,50400,96,59200417.5
FUTSTKMAXHEALTH30-SEP-2025,1189.1,1180.5,1180.5,1160.7,1166.6,1166.6,-1.89,24872,4135950,7878,4835017005
FUTSTKMAXHEALTH28-AUG-2025,1183.5,1176.2,1176.2,1153.4,1160.3,1160.2,-1.96,967,2344125,4465,2724662168
FUTSTKNMDC28-OCT-2025,70.52,70.29,70.52,69.45,69.54,69.54,-1.38,460,2484000,184,173813040
FUTSTKNMDC30-SEP-2025,70.15,70.13,70.13,69.05,69.19,69.19,-1.36,18080,78948000,5848,5498308890
FUTSTKNMDC28-AUG-2025,69.79,69.54,69.79,68.59,68.71,68.73,-1.51,2091,70564500,5227,4886523450
FUTSTKPNB28-AUG-2025,102.72,102.75,102.99,101,101.49,101.45,-1.23,1501,101240000,12655,10307295840
FUTSTKPNB30-SEP-2025,103.25,103.53,103.53,101.56,102.12,102.12,-1.09,31226,114752000,14344,11743431600
FUTSTKPNB28-OCT-2025,103.74,103.7,103.7,102.2,102.68,102.68,-1.02,1091,6168000,771,634525280
FUTSTKRBLBANK28-OCT-2025,258.1,254.35,256.75,254.35,255.55,253.45,-1.8,37,22225,7,5678805
FUTSTKRBLBANK28-AUG-2025,254.7,255,256.35,243.15,251.15,250.85,-1.51,13093,83416775,26273,20904123324
FUTSTKRBLBANK30-SEP-2025,257.7,257.15,257.9,245.8,255.65,255.65,-0.79,11890,50133250,15790,12725458103
FUTSTKABCAPITAL28-OCT-2025,284.15,286.6,286.6,279.5,280.25,280.25,-1.37,219,378200,122,107226520
FUTSTKABCAPITAL28-AUG-2025,281.05,282.75,282.9,275.9,276.6,277.45,-1.28,851,11005000,3550,3083665635
FUTSTKABCAPITAL30-SEP-2025,282.7,283.5,284.6,277.8,278.6,278.6,-1.45,14152,13559400,4374,3819059105
FUTSTKADANIENT28-OCT-2025,2295.3,2302.6,2350.7,2284.9,2300.7,2300.7,0.23,1166,108600,362,251839470
FUTSTKADANIENT28-AUG-2025,2270.6,2240,2325,2223.9,2273.4,2275.1,0.19,3600,4685700,15619,10744737030
FUTSTKADANIENT30-SEP-2025,2281.2,2248.2,2337.8,2248.2,2287.1,2287.1,0.25,50862,5199000,17330,11980952730
FUTSTKADANIGREEN28-OCT-2025,940.2,940.2,946.1,926.3,930.8,930.8,-0.99,444,161400,269,150913350
FUTSTKADANIGREEN28-AUG-2025,930.2,927.25,934,916.25,919.35,921.15,-0.97,922,5692800,9488,5270525310
FUTSTKADANIGREEN30-SEP-2025,935.05,931,939.1,921,925.3,925.3,-1.04,29812,5864400,9774,5459473380
FUTSTKBAJFINANCE30-SEP-2025,880.7,878,887.7,873.5,880.7,880.7,0,119706,22400250,29867,19781734800
FUTSTKBAJFINANCE28-OCT-2025,885.5,882.5,892.55,878,885.85,885.85,0.03,5532,375750,501,333143212.5
FUTSTKBAJFINANCE28-AUG-2025,875.6,871.35,883.85,868.15,874.85,876.85,0.14,3113,20197500,26930,17736101550
FUTSTKCAMS30-SEP-2025,3745.4,3721,3735.7,3656.2,3668.4,3668.4,-2.05,13465,847050,5647,3128241630
FUTSTKCAMS28-AUG-2025,3725.9,3714.8,3717.9,3640.1,3650,3657.7,-1.83,827,781500,5210,2869765950
FUTSTKCAMS28-OCT-2025,3764.8,3750,3750.3,3680,3688.3,3688.3,-2.03,310,31800,212,118023090
FUTSTKCYIENT28-OCT-2025,1215.2,1212,1217.8,1184,1188.9,1188.9,-2.16,114,28050,66,33823752.5
FUTSTKCYIENT30-SEP-2025,1209.6,1192.6,1215.1,1176.1,1181.1,1181.1,-2.35,5796,1167475,2747,1396419993
FUTSTKCYIENT28-AUG-2025,1202.6,1203.9,1209.1,1167.5,1175,1176.6,-2.16,226,1007675,2371,1197889828
FUTSTKDLF28-AUG-2025,753.95,752.4,757,742.75,747.55,749.45,-0.59,1944,12383250,15010,9275262893
FUTSTKDLF28-OCT-2025,761.8,760.45,763.5,750.6,756.1,756.1,-0.74,886,674025,817,509875616.3
FUTSTKDLF30-SEP-2025,757.85,756,761.5,746.55,751.85,751.85,-0.79,42327,13397175,16239,10087057901
FUTSTKETERNAL30-SEP-2025,320.05,323.75,324.5,315.15,316.9,316.9,-0.98,103490,53835000,22200,17246064318
FUTSTKETERNAL28-AUG-2025,318.95,322.7,323,313.2,315.25,315.5,-1.08,2226,35584450,14674,11357311203
FUTSTKETERNAL28-OCT-2025,321.55,324.5,326,316.75,318.35,318.35,-0.99,704,1127625,465,361717850
FUTSTKHUDCO30-SEP-2025,208.06,206.81,209.4,203.84,204.8,204.8,-1.56,11482,16625025,5991,3437019207
FUTSTKHUDCO28-AUG-2025,208.13,206.49,209.2,203.4,204.7,204.87,-1.56,432,15290250,5510,3159458129
FUTSTKHUDCO28-OCT-2025,208.98,208.17,210.01,205,205.71,205.71,-1.56,229,530025,191,110184122.3
FUTSTKINDUSTOWER28-AUG-2025,342.25,341.6,343.3,334.95,335.8,335.6,-1.94,1389,17481100,10283,5922301985
FUTSTKINDUSTOWER28-OCT-2025,345.6,344.85,345.05,338.6,339.3,339.3,-1.82,572,515100,303,176087870
FUTSTKINDUSTOWER30-SEP-2025,344,345,345,336.85,337.65,337.65,-1.84,45641,19332400,11372,6582973240
FUTSTKIRFC28-AUG-2025,121.08,120.92,121.1,118.21,118.54,118.58,-2.06,899,17174250,4041,2055832270
FUTSTKIRFC30-SEP-2025,121.16,121,121.57,119,119.14,119.14,-1.66,8825,18007250,4237,2164233663
FUTSTKIRFC28-OCT-2025,121.43,120.55,121.75,119.35,119.51,119.51,-1.58,749,1079500,254,130179285
FUTSTKKALYANKJIL30-SEP-2025,498.4,503.4,515.9,490,511.3,511.3,2.58,18557,7876025,6703,4007686005
FUTSTKKALYANKJIL28-AUG-2025,497.7,495.7,515.5,494.05,511,510.15,2.5,3749,6334425,5391,3216134095
FUTSTKKALYANKJIL28-OCT-2025,499.9,498.55,517.8,496.6,513.65,513.65,2.75,447,263200,224,133987717.5
FUTSTKKAYNES28-OCT-2025,6251.5,6234,6290.5,6177.5,6238.5,6238.5,-0.2,106,5900,59,36837800
FUTSTKKAYNES30-SEP-2025,6228.5,6200,6276,6103.5,6222.5,6222.5,-0.09,8557,516100,5161,3212038500
FUTSTKKAYNES28-AUG-2025,6197,6144,6243,6077.5,6182.5,6195,-0.03,408,378400,3784,2342969350
FUTSTKNBCC30-SEP-2025,101.33,100.66,102,99.08,99.34,99.34,-1.96,7558,24225500,3727,2438867730
FUTSTKNBCC28-AUG-2025,100.92,100.89,101.51,98.64,98.92,98.9,-2,277,23296000,3584,2334424690
FUTSTKNBCC28-OCT-2025,101.92,102.14,102.44,99.79,100.02,100.02,-1.86,359,1846000,284,187073510
FUTSTKPETRONET30-SEP-2025,270.4,272.5,275.7,269.85,272.6,272.6,0.81,20165,13237200,7354,3621115980
FUTSTKPETRONET28-AUG-2025,268.85,271,274.2,268.3,271.1,271.6,1.02,952,12124800,6736,3298734720
FUTSTKPETRONET28-OCT-2025,271.9,274.5,277,271.3,274,274,0.77,307,324000,180,88816860
FUTSTKPIDILITIND28-OCT-2025,3134.9,3117.5,3133.1,3090,3092,3092,-1.36,91,8750,35,27162875
FUTSTKPIDILITIND30-SEP-2025,3121.1,3090,3118.8,3070.7,3075.8,3075.8,-1.45,15519,612500,2450,1896173900
FUTSTKPIDILITIND28-AUG-2025,3103.8,3086.4,3100.8,3049.4,3056,3062.9,-1.31,356,470000,1880,1446642500
FUTSTKPNBHOUSING30-SEP-2025,786.65,786.65,789.75,770.25,771.9,771.9,-1.87,24651,6221150,9571,4848839515
FUTSTKPNBHOUSING28-OCT-2025,791.4,791.8,791.8,775,776.35,776.35,-1.9,605,276900,426,216627710
FUTSTKPNBHOUSING28-AUG-2025,782.85,782.9,783.15,764.85,766.9,767,-2.02,2470,5111600,7864,3961794460
FUTSTKPOONAWALLA28-AUG-2025,453.05,453.8,455.35,421.15,430.15,429.55,-5.18,2030,4539000,2670,1998686770
FUTSTKSHRIRAMFIN28-AUG-2025,595.25,578.45,588.75,571.45,572.7,571.65,-3.96,2372,7189050,8714,4149475894
FUTSTKSHRIRAMFIN28-OCT-2025,601.75,590.75,594.95,577.25,578.25,578.25,-3.9,1083,733425,889,427861500
FUTSTKSHRIRAMFIN30-SEP-2025,598.6,583.6,592,574.4,575.5,575.5,-3.85,56028,16301175,19759,9472914784
FUTSTKSUNPHARMA30-SEP-2025,1606.8,1599,1604.1,1577.6,1592.1,1592.1,-0.91,42290,3746050,10703,5946876285
FUTSTKSUNPHARMA28-OCT-2025,1614.3,1607.7,1607.7,1585.8,1602.6,1602.6,-0.72,2920,117250,335,187102370
FUTSTKSUNPHARMA28-AUG-2025,1597.9,1601.9,1601.9,1569.4,1583.9,1585.7,-0.76,2464,2234400,6384,3529547210
FUTSTKSUPREMEIND28-OCT-2025,4612.9,4636.6,4636.6,4550,4550,4552.7,-1.3,30,2975,17,13694170
FUTSTKSUPREMEIND30-SEP-2025,4605.1,4587.2,4629,4502.8,4522.7,4522.7,-1.78,7653,262850,1502,1201756920
FUTSTKSUPREMEIND28-AUG-2025,4580.2,4571.4,4605,4471.8,4496.6,4506.5,-1.6,243,211225,1207,959468527.5
FUTSTKVOLTAS30-SEP-2025,1334.7,1334.9,1346,1324.5,1337,1337,0.17,25822,2235375,5961,2993579250
FUTSTKVOLTAS28-AUG-2025,1347.8,1347,1364.6,1334.4,1357.5,1359.3,0.85,1049,1846500,4924,2503555500
FUTSTKVOLTAS28-OCT-2025,1330.1,1326,1339.7,1320,1330.2,1330.2,0,342,67500,180,89903962.5
FUTSTKBHARTIARTL28-OCT-2025,1927,1911,1919.7,1899.3,1901.7,1901.7,-1.31,6171,192850,406,368787102.5
FUTSTKBHARTIARTL30-SEP-2025,1916.3,1912.5,1912.5,1890.2,1892.2,1892.2,-1.25,88948,10225800,21528,19448857140
FUTSTKBHARTIARTL28-AUG-2025,1904.9,1894.6,1898.7,1877.7,1879.7,1881.1,-1.24,4831,8853525,18639,16740248015
FUTSTKBLUESTARCO30-SEP-2025,1873.8,1855,1912,1845.7,1890.5,1890.5,0.89,4308,634400,1952,1200705220
FUTSTKBLUESTARCO28-AUG-2025,1870.2,1875.5,1908.4,1852.2,1883.9,1880.1,0.52,414,471575,1451,889197335
FUTSTKBLUESTARCO28-OCT-2025,1884.7,1878.3,1906,1876.4,1899,1899.4,0.77,69,7150,22,13497477.5
FUTSTKBOSCHLTD28-OCT-2025,39795,40065,40320,39500,39535,39535,-0.65,108,1125,45,44961875
FUTSTKBOSCHLTD28-AUG-2025,39430,39510,39945,39000,39105,39225,-0.51,1441,62725,2509,2474180625
FUTSTKBOSCHLTD30-SEP-2025,39645,39755,40175,39275,39370,39370,-0.69,10373,65900,2636,2618764500
FUTSTKHAL28-OCT-2025,4426.6,4422,4478.8,4386,4394.6,4394.6,-0.72,3134,322800,2152,1427945430
FUTSTKHAL30-SEP-2025,4403.6,4403,4456.5,4361.5,4370.5,4370.5,-0.75,60895,4713450,31423,20737804950
FUTSTKHAL28-AUG-2025,4380.5,4373.1,4433.9,4335.5,4346.4,4344.7,-0.81,3286,4180650,27871,18291291285
FUTSTKHDFCBANK28-OCT-2025,982.2,978,980.7,964.3,968.6,968.6,-1.38,27054,876700,797,851147440
FUTSTKHDFCBANK28-AUG-2025,972.2,971.6,974.5,954.6,957.8,957.8,-1.48,4112,49385600,44896,47519788030
FUTSTKHDFCBANK30-SEP-2025,977.4,975.3,975.9,959.8,964,964,-1.37,181773,60266800,54788,58267802670
FUTSTKHINDPETRO30-SEP-2025,385.4,387.1,388.9,383.05,384.05,384.05,-0.35,22745,16471350,8134,6362300115
FUTSTKHINDPETRO28-OCT-2025,387.25,389.45,390.95,385.3,386.1,386.1,-0.29,475,192375,95,74694150
FUTSTKHINDPETRO28-AUG-2025,383.3,383.15,386.5,380.45,381.5,381.75,-0.4,4461,14879700,7348,5713099898
FUTSTKHINDUNILVR28-OCT-2025,2713.5,2730,2732.2,2675,2676,2676,-1.38,1200,39600,132,106707030
FUTSTKHINDUNILVR30-SEP-2025,2703.1,2719,2749.5,2658.8,2664.6,2664.6,-1.42,48822,3485100,11617,9357897240
FUTSTKHINDUNILVR28-AUG-2025,2688.8,2723.8,2736.9,2640.9,2649.3,2654.4,-1.27,6112,2172900,7243,5796657210
FUTSTKJSWENERGY28-OCT-2025,517.5,511.35,514.55,501.95,502.85,502.85,-2.83,360,228000,228,116127250
FUTSTKJSWENERGY30-SEP-2025,514.45,513,513,498.7,499.7,499.7,-2.86,39526,10203000,10203,5166829450
FUTSTKJSWENERGY28-AUG-2025,511.5,508.4,509.8,495.95,497.05,497.65,-2.7,723,8037000,8037,4050960550
FUTSTKPOLYCAB28-AUG-2025,7056.5,7072,7160,6973.5,7099.5,7106.5,0.7,802,416250,3330,2957569813
FUTSTKPOLYCAB30-SEP-2025,7090,7130.5,7201.5,7013,7134.5,7134.5,0.62,12105,597125,4777,4266510438
FUTSTKPOLYCAB28-OCT-2025,7122,7145,7230,7055.5,7172,7172,0.7,106,12000,96,86077687.5
FUTSTKPRESTIGE28-OCT-2025,1612.8,1598.1,1603.1,1584.7,1587.7,1587.7,-1.55,44,11700,26,18649260
FUTSTKPRESTIGE28-AUG-2025,1607.2,1602.1,1603.7,1566.4,1576.7,1579.9,-1.69,614,1536750,3415,2427563970
FUTSTKPRESTIGE30-SEP-2025,1612.9,1604.6,1606.3,1572.9,1582.6,1582.6,-1.87,10569,1861650,4137,2951882100
FUTSTKTCS28-AUG-2025,3152.5,3154.5,3154.5,3085.5,3091.6,3093.7,-1.86,9814,5439525,31083,16918436343
FUTSTKTCS28-OCT-2025,3174.5,3173,3193.5,3111.5,3117.1,3117.1,-1.8,10642,704550,4026,2208801490
FUTSTKTCS30-SEP-2025,3168.5,3175.2,3175.3,3106.4,3111.7,3111.7,-1.79,149482,6121325,34979,19152376460
FUTSTKAPLAPOLLO28-AUG-2025,1629.4,1617.1,1629.2,1591.1,1599.1,1600.3,-1.78,942,1992900,5694,3210337340
FUTSTKAPLAPOLLO28-OCT-2025,1646,1637.1,1642,1610,1613.9,1613.9,-1.95,47,7350,21,12014205
FUTSTKAPLAPOLLO30-SEP-2025,1637.5,1627.5,1639.2,1602.7,1607,1607,-1.86,18737,2033850,5811,3297754670
FUTSTKASIANPAINT30-SEP-2025,2497.2,2490,2539.7,2490,2503.6,2503.6,0.25,54536,3005500,12022,7570188050
FUTSTKASIANPAINT28-AUG-2025,2486.5,2477,2527.1,2477,2488.6,2489.1,0.1,4990,2224000,8896,5571218625
FUTSTKASIANPAINT28-OCT-2025,2510.2,2514,2553,2510.6,2516.9,2516.9,0.26,706,75250,301,190690075
FUTSTKBAJAJ-AUTO30-SEP-2025,8735.5,8771,8782,8690,8710,8710,-0.29,32978,649950,8666,5676149213
FUTSTKBAJAJ-AUTO28-OCT-2025,8771.5,8799,8826.5,8742,8751.5,8751.5,-0.22,383,10650,142,93470175
FUTSTKBAJAJ-AUTO28-AUG-2025,8704.5,8747.5,8747.5,8658.5,8692,8689.5,-0.17,2351,490500,6540,4271116913
FUTSTKBANDHANBNK28-OCT-2025,167.63,166.92,167,164.5,164.57,164.57,-1.82,786,1519200,422,251697996
FUTSTKBANDHANBNK30-SEP-2025,166.51,166.68,166.68,163.24,163.6,163.6,-1.74,20365,27396000,7610,4513280364
FUTSTKBANDHANBNK28-AUG-2025,165.67,165.72,165.72,161.98,162.65,162.93,-1.65,702,25056000,6960,4105517724
FUTSTKBRITANNIA28-OCT-2025,5818,5818,5835,5771.5,5780.5,5780.5,-0.64,111,7875,63,45741687.5
FUTSTKBRITANNIA30-SEP-2025,5789.5,5785,5816,5741,5752.5,5752.5,-0.63,26989,577500,4620,3336454500
FUTSTKBRITANNIA28-AUG-2025,5757.5,5760,5777.5,5703,5725.5,5721,-0.63,1113,424000,3392,2435913000
FUTSTKCOFORGE30-SEP-2025,1751.2,1740.9,1759.3,1719.3,1742,1742,-0.52,29367,2755500,7348,4793852100
FUTSTKCOFORGE28-OCT-2025,1757.2,1741,1762,1722.2,1747.1,1747.1,-0.57,267,76875,205,134160075
FUTSTKCOFORGE28-AUG-2025,1742.3,1728.4,1748.3,1709.7,1737,1737.2,-0.29,2354,2266875,6045,3923332313
FUTSTKGMRAIRPORT28-AUG-2025,88.59,88.14,88.25,86.04,86.34,86.43,-2.43,660,50373450,7222,4398828460
FUTSTKGMRAIRPORT30-SEP-2025,89.06,88.73,88.88,86.6,86.83,86.83,-2.5,25897,51057000,7320,4481789947
FUTSTKGMRAIRPORT28-OCT-2025,89.57,89.04,89.04,87.09,87.24,87.24,-2.6,358,1276425,183,112707978.8
FUTSTKHDFCAMC28-OCT-2025,5766.5,5735.5,5735.5,5628,5631,5631,-2.34,181,24000,160,136055250
FUTSTKHDFCAMC30-SEP-2025,5757,5734,5734,5606.5,5621.5,5621.5,-2.35,13310,961650,6411,5444583450
FUTSTKHDFCAMC28-AUG-2025,5742,5709,5725,5571,5586,5582,-2.78,4152,740400,4936,4174650750
FUTSTKHEROMOTOCO28-OCT-2025,5082.5,5135,5195.2,5103.7,5116.1,5116.1,0.66,1457,58800,392,302784375
FUTSTKHEROMOTOCO28-AUG-2025,5087.8,5175.1,5225,5091.3,5104.9,5091.7,0.07,7304,1193700,7958,6146372190
FUTSTKHEROMOTOCO30-SEP-2025,5076,5125,5193,5097,5107.8,5107.8,0.62,34292,1821750,12145,9369556755
FUTSTKINDHOTEL28-OCT-2025,778.45,775.5,784.2,772.4,773.8,773.8,-0.59,325,153000,153,118931300
FUTSTKINDHOTEL30-SEP-2025,773.95,771.7,780.1,768,769.9,769.9,-0.52,24485,5053000,5053,3911061350
FUTSTKINDHOTEL28-AUG-2025,770.05,772.6,776,763.05,764.7,765.15,-0.63,652,4021000,4021,3094661750
FUTIDXNIFTYNXT5028-OCT-2025,67569.4,67546,67546,66666,66666,66666,-1.33,38,475,19,31837210
FUTIDXNIFTYNXT5030-SEP-2025,67163.4,67000.8,67001.2,66173,66237,66237,-1.37,742,15250,610,1015487985
FUTIDXNIFTYNXT5028-AUG-2025,66764.4,66746.8,66747,65761.4,65910.4,65940.3,-1.23,133,14975,599,992151045
FUTSTKONGC28-AUG-2025,234.49,234.85,235.28,232.54,233.36,233.39,-0.46,2675,19458000,8648,4559567040
FUTSTKONGC30-SEP-2025,234.43,234.75,235.54,232.61,233.41,233.41,-0.43,34293,20542500,9130,4814346803
FUTSTKONGC28-OCT-2025,235.68,236.07,236.65,234,234.39,234.39,-0.54,583,1091250,485,257049787.5
FUTSTKPPLPHARMA28-AUG-2025,189.16,189.01,189.42,185.5,185.9,186.3,-1.51,370,6982500,2793,1308613050
FUTSTKPPLPHARMA28-OCT-2025,191.08,189,191.4,187.8,187.96,187.96,-1.63,196,297500,119,56456625
FUTSTKPPLPHARMA30-SEP-2025,190.07,189.37,190.25,186.53,187,187,-1.61,4249,6677500,2671,1258192550
FUTSTKSBICARD30-SEP-2025,801.55,799.75,805.8,783,786.4,786.4,-1.89,14551,4124800,5156,3272325800
FUTSTKSBICARD28-AUG-2025,809,803.65,812.75,793.15,801.5,803.6,-0.66,1506,3404800,4256,2737008320
FUTSTKSBICARD28-OCT-2025,800.55,798,803,780,782.1,782.1,-2.3,607,395200,494,312258120
FUTSTKSBIN28-AUG-2025,809.1,810.9,810.9,801.8,802.9,801.95,-0.88,3904,33908250,45211,27359773088
FUTSTKSBIN28-OCT-2025,817.5,817.5,817.9,810,811.15,811.15,-0.77,8213,767250,1023,624971212.5
FUTSTKSBIN30-SEP-2025,813.3,813.3,814.9,806,807.15,807.15,-0.75,132200,37330500,49774,30268940963
FUTSTKTATAMOTORS28-AUG-2025,681,679.6,679.6,667.25,674.1,675.45,-0.81,5743,21196000,26495,14269676560
FUTSTKTATAMOTORS28-OCT-2025,686.7,683.9,684.95,672.6,680.55,680.55,-0.89,4145,1647200,2059,1118266760
FUTSTKTATAMOTORS30-SEP-2025,684.6,681.85,683.2,670.5,678.35,678.35,-0.91,92312,25120800,31401,17001495720
FUTSTKTIINDIA28-OCT-2025,3062.5,3065,3065,2965.2,2976,2976,-2.82,66,4000,20,11997940
FUTSTKTIINDIA28-AUG-2025,3034,3048.2,3054.9,2926.3,2949.2,2943.4,-2.98,273,257200,1286,763225980
FUTSTKTIINDIA30-SEP-2025,3048.3,3068.7,3068.7,2948.9,2962.1,2962.1,-2.82,8766,485800,2429,1451705680
FUTSTKVEDL28-AUG-2025,427.9,427.9,430,422.15,424.65,424.5,-0.79,2001,19552300,17002,8326910743
FUTSTKVEDL30-SEP-2025,430.25,430.1,432.35,424.4,427.15,427.15,-0.72,64744,21390000,18600,9157676723
FUTSTKVEDL28-OCT-2025,432.45,430.95,434.55,425.95,429.3,429.3,-0.72,859,508300,442,218765420
FUTSTKABB30-SEP-2025,5042,5021.5,5036,4972.5,5018,5018,-0.47,21639,890625,7125,4467507125
FUTSTKABB28-OCT-2025,5073,5056,5063,4995,5043.5,5043.5,-0.58,712,55125,441,277747562.5
FUTSTKABB28-AUG-2025,5017,5016.5,5016.5,4946.5,4994,5000.5,-0.32,1197,781250,6250,3899930750
FUTSTKBHARATFORG30-SEP-2025,1120.9,1115.8,1136.6,1109.6,1128.5,1128.5,0.67,21780,3177500,6355,3578626700
FUTSTKBHARATFORG28-AUG-2025,1122.6,1115.8,1131.8,1109.3,1123.7,1124.6,0.17,5138,2530500,5061,2842977400
FUTSTKBHARATFORG28-OCT-2025,1123.1,1116.1,1141.7,1115.5,1133.6,1133.6,0.93,289,75500,151,85415450
FUTSTKDELHIVERY28-OCT-2025,481.55,480.35,480.35,472.25,472.9,472.9,-1.79,104,120350,58,57245307.5
FUTSTKDELHIVERY30-SEP-2025,480.85,480.85,480.85,471.05,472.05,472.05,-1.83,6113,6426275,3097,3052803391
FUTSTKDELHIVERY28-AUG-2025,478.35,478,478.6,467.75,470.25,469.15,-1.92,416,5013200,2416,2369608085
FUTSTKDIXON28-AUG-2025,16684,16656,16890,16474,16664,16677,-0.04,978,352650,7053,5895259900
FUTSTKDIXON28-OCT-2025,16863,16876,17032,16656,16862,16862,0,543,15900,318,268557800
FUTSTKDIXON30-SEP-2025,16769,16762,16974,16553,16768,16768,0,30436,461900,9238,7762909300
FUTSTKDMART28-AUG-2025,4687.9,4754.9,4773.4,4672.1,4688.7,4699.9,0.25,5267,785550,5237,3696636480
FUTSTKDMART28-OCT-2025,4614.6,4635,4650,4616.4,4627,4627,0.26,144,14850,99,68848755
FUTSTKDMART30-SEP-2025,4635.8,4713.4,4713.8,4646.1,4655.9,4655.9,0.43,32554,956100,6374,4459571070
FUTSTKHAVELLS28-OCT-2025,1533.9,1533.7,1540.7,1526.2,1532.3,1532.3,-0.1,116,30500,61,46779000
FUTSTKHAVELLS28-AUG-2025,1523.8,1516.1,1531.1,1515.4,1519.6,1519.5,-0.28,466,1495000,2990,2275748350
FUTSTKHAVELLS30-SEP-2025,1528.1,1522.1,1538,1522,1527.5,1527.5,-0.03,17503,1740000,3480,2662031200
FUTSTKITC28-AUG-2025,402.9,403,403.45,396.6,400.3,400.9,-0.49,5320,33214400,20759,13325200960
FUTSTKITC30-SEP-2025,405.1,405.45,405.45,402,402.95,402.95,-0.53,59527,40400000,25250,16290123520
FUTSTKITC28-OCT-2025,407.2,407.2,407.2,404.1,404.95,404.95,-0.55,2633,1278400,799,518067440
FUTSTKJSL28-AUG-2025,796.8,791.3,819.75,782.9,807.65,806.5,1.21,1388,2083350,2451,1662599023
FUTSTKJUBLFOOD28-OCT-2025,647.95,645,645.8,640,641.6,641.6,-0.98,109,82500,66,53038437.5
FUTSTKJUBLFOOD30-SEP-2025,644.8,642.4,647.15,636.2,637.7,637.7,-1.1,18258,3740000,2992,2391817438
FUTSTKJUBLFOOD28-AUG-2025,641.5,637.8,643.95,632.95,635.05,635.55,-0.92,1360,3315000,2652,2108729750
FUTSTKLICHSGFIN30-SEP-2025,564.3,561.95,563.35,550.1,550.75,550.75,-2.4,28450,10123000,10123,5624546950
FUTSTKLICHSGFIN28-AUG-2025,561.1,558.5,560.1,546,547.15,547.35,-2.45,3469,9072000,9072,5008055100
FUTSTKLICHSGFIN28-OCT-2025,568.25,565.05,566.35,552.8,553.55,553.55,-2.58,725,456000,456,254669100
FUTSTKLUPIN30-SEP-2025,1933.1,1948,1948,1900.1,1909,1909,-1.24,24894,2770575,6519,5289304520
FUTSTKLUPIN28-OCT-2025,1942,1945.6,1945.9,1911.8,1920.8,1920.8,-1.09,192,42925,101,82481365
FUTSTKLUPIN28-AUG-2025,1922.6,1927.4,1928.4,1891,1897.9,1902.4,-1.05,893,2693650,6338,5115631458
FUTSTKMANAPPURAM30-SEP-2025,268.65,268.65,272.3,263.45,264.35,264.35,-1.6,8382,9822000,3274,2633100900
FUTSTKMANAPPURAM28-AUG-2025,267.15,265.05,270.9,261.55,262.9,263,-1.55,528,8328000,2776,2218648950
FUTSTKMANAPPURAM28-OCT-2025,270,269.55,273,265.75,266.2,266.2,-1.4,87,120000,40,32319600
FUTSTKNHPC30-SEP-2025,80.17,80.31,80.47,78.5,78.73,78.73,-1.79,8956,16742400,2616,1333386112
FUTSTKNHPC28-OCT-2025,80.65,80.4,80.89,79.05,79.15,79.15,-1.85,357,1177600,184,94347072
FUTSTKNHPC28-AUG-2025,79.87,80.3,80.3,78.12,78.41,78.34,-1.91,1397,15635200,2443,1238793152
FUTSTKPIIND30-SEP-2025,3808.5,3888.3,3888.3,3725,3731.6,3731.6,-2.01,9928,484225,2767,1818060038
FUTSTKPIIND28-AUG-2025,3792.3,3799.5,3804.5,3707.9,3714.3,3708.8,-2.2,1721,347375,1985,1299003493
FUTSTKPIIND28-OCT-2025,3826,3786.5,3801.6,3748,3751.4,3751.4,-1.94,43,3500,20,13199042.5
FUTSTKSOLARINDS30-SEP-2025,14304,14274,14274,13818,13861,13861,-3.09,8900,297975,3973,4176706200
FUTSTKSOLARINDS28-OCT-2025,14369,14291,14291,13925,13940,13940,-2.98,327,14775,197,207981300
FUTSTKSOLARINDS28-AUG-2025,14223,14191,14191,13743,13791,13813,-2.88,433,227400,3032,3171926925
FUTSTKUNITDSPR28-AUG-2025,1301.9,1300,1301.5,1277.3,1280.6,1281.5,-1.56,1248,4040000,10100,5194763040
FUTSTKUNITDSPR28-OCT-2025,1316.6,1311.3,1315.4,1292.2,1295.9,1295.9,-1.57,692,212400,531,275938360
FUTSTKUNITDSPR30-SEP-2025,1308.8,1307.6,1309.4,1286.5,1288.6,1288.6,-1.54,32789,4498400,11246,5816420040
FUTSTKANGELONE28-AUG-2025,2344.8,2345.8,2349.9,2250.6,2257.9,2259.5,-3.63,1192,1066250,4265,2438700775
FUTSTKANGELONE30-SEP-2025,2351.7,2352,2357.3,2265.9,2275.2,2275.2,-3.25,12568,2084750,8339,4789923125
FUTSTKANGELONE28-OCT-2025,2355.5,2353.7,2353.7,2270,2277.4,2277.4,-3.31,757,90000,360,207290425
FUTSTKAUROPHARMA28-OCT-2025,1055.7,1054.4,1057.5,1036,1037.8,1037.8,-1.69,401,165550,301,172373190
FUTSTKAUROPHARMA30-SEP-2025,1049.9,1059.8,1059.8,1030.3,1033.5,1033.5,-1.56,34213,3837900,6978,3975541900
FUTSTKAUROPHARMA28-AUG-2025,1044.1,1050.4,1050.4,1023.2,1025.8,1026.4,-1.69,1365,3016200,5484,3105162170
FUTSTKCOALINDIA28-AUG-2025,372.75,371.1,375.5,368.3,373.85,374.3,0.41,2563,16147350,11961,6027708150
FUTSTKCOALINDIA28-OCT-2025,376.85,375,379.45,372.25,377.95,377.95,0.29,1093,1108350,821,417516120
FUTSTKCOALINDIA30-SEP-2025,374.8,375.8,377.6,370.25,376,376,0.32,51926,19099800,14148,7169485973
FUTIDXFINNIFTY28-AUG-2025,25989.9,25750,25900,25630,25637.8,25640.3,-1.34,267,43615,671,1123446201
FUTIDXFINNIFTY30-SEP-2025,26123.7,25908.8,26099.9,25832.1,25855.1,25855.1,-1.02,1310,56745,873,1471034078
FUTIDXFINNIFTY28-OCT-2025,26157.4,0,0,0,,25903,-0.97,2,0,0,0
FUTSTKIOC30-SEP-2025,139.86,139.76,140.44,138.9,139.29,139.29,-0.4,13590,25813125,5295,3602724011
FUTSTKIOC28-AUG-2025,139.18,138.68,139.87,138.11,138.4,138.49,-0.49,1244,25949625,5323,3602024839
FUTSTKIOC28-OCT-2025,140.67,140.67,141.05,139.57,140.12,140.12,-0.39,339,1340625,275,188028457.5
FUTSTKLICI28-AUG-2025,886.75,884.45,885.2,863.15,870,869.5,-1.94,1710,3219300,4599,2818689195
FUTSTKLICI30-SEP-2025,884.7,882.85,884.55,858.5,860.25,860.25,-2.76,10518,3635800,5194,3168056500
FUTSTKLICI28-OCT-2025,887.85,884.2,887.55,858.1,861.1,861.1,-3.01,458,251300,359,219515520
FUTSTKLTF28-AUG-2025,219.8,219.29,220.25,215.64,216.38,216.44,-1.52,2249,14813840,3320,3232376497
FUTSTKLTF28-OCT-2025,220.64,216.6,221.52,216.6,218.49,218.49,-0.97,151,383732,86,84238142.62
FUTSTKLTF30-SEP-2025,220.11,219.1,220.98,215.8,217.55,217.55,-1.16,8451,19481092,4366,4259642678
FUTSTKNTPC30-SEP-2025,331.65,330.8,331.55,327.2,328.8,328.8,-0.85,62773,17901000,11934,5899545075
FUTSTKNTPC28-OCT-2025,333.55,330.75,333,329.35,330.55,330.55,-0.89,844,711000,474,235514175
FUTSTKNTPC28-AUG-2025,333.35,331.25,332.9,328.7,330.65,330.8,-0.76,2885,15591000,10394,5163197100
FUTSTKNUVAMA28-OCT-2025,6674.5,6550,6672,6548.5,6583.5,6583.5,-1.36,40,600,8,3961837.5
FUTSTKNUVAMA28-AUG-2025,6737.5,6678.5,6738,6530,6553,6549.5,-2.79,304,109050,1454,724109400
FUTSTKNUVAMA30-SEP-2025,6699.5,6750,6750,6548.5,6586.5,6586.5,-1.68,1620,118725,1583,787893112.5
FUTSTKOIL30-SEP-2025,398.3,400,401.3,389.35,390.85,390.85,-1.87,7888,3560200,2543,1408946000
FUTSTKOIL28-AUG-2025,399.85,400.25,401.35,389.2,390.35,390.5,-2.33,382,3119200,2228,1234839130
FUTSTKOIL28-OCT-2025,400.4,398.65,402.4,391.55,392.9,392.9,-1.87,143,141400,101,56325990
FUTSTKSONACOMS30-SEP-2025,456.8,456.4,461.9,448.55,453.25,453.25,-0.77,23083,7980000,7600,3625864253
FUTSTKSONACOMS28-AUG-2025,454.85,454.2,459.55,446.8,450.15,450.35,-0.98,1583,5017950,4779,2264023965
FUTSTKSONACOMS28-OCT-2025,457.9,460.25,462.3,452.8,456.35,456.35,-0.33,342,144900,138,66144960
FUTSTKTATAPOWER30-SEP-2025,380.05,379.05,380.5,372.15,372.8,372.8,-1.9,45323,32691700,22546,12294515635
FUTSTKTATAPOWER28-AUG-2025,378.25,378.5,378.5,370.1,370.75,371.1,-1.89,2091,29203000,20140,10926196093
FUTSTKTATAPOWER28-OCT-2025,381.95,382.2,382.8,374,374.65,374.65,-1.91,1033,1067200,736,402861765
FUTSTKTECHM28-AUG-2025,1503.8,1502.6,1512.6,1484,1495.7,1495.6,-0.54,2087,3866400,6444,5787976680
FUTSTKTECHM30-SEP-2025,1512,1511.3,1513.3,1491.5,1502.1,1502.1,-0.65,24826,4228200,7047,6354876480
FUTSTKTECHM28-OCT-2025,1519.3,1509,1519,1498.3,1509.8,1509.8,-0.62,295,72600,121,109575840
FUTSTKTITAN28-OCT-2025,3637,3605.6,3683.7,3605.6,3667.3,3667.3,0.83,325,37100,212,135771107.5
FUTSTKTITAN28-AUG-2025,3598.7,3564.8,3651,3564.8,3639.9,3637.7,1.08,6129,1885625,10775,6841419778
FUTSTKTITAN30-SEP-2025,3617.9,3591.7,3670.8,3587.5,3651,3651,0.91,51883,2362850,13502,8610388885
FUTSTKBIOCON28-OCT-2025,362.65,366.25,366.25,357,357.35,357.35,-1.46,224,405000,162,146259625
FUTSTKBIOCON30-SEP-2025,360.7,362.15,364.5,354,355.25,355.25,-1.51,15815,12375000,4950,4447703375
FUTSTKBIOCON28-AUG-2025,358.65,360.9,362.35,352.55,353.3,353.25,-1.5,672,10705000,4282,3827194750
FUTSTKDIVISLAB28-OCT-2025,6243,6243,6243,6160,6174,6174,-1.1,230,8300,83,51438100
FUTSTKDIVISLAB30-SEP-2025,6214.5,6258,6260.5,6132,6149,6149,-1.05,24422,574200,5742,3543479500
FUTSTKDIVISLAB28-AUG-2025,6184,6230,6233,6100,6119,6132,-0.84,1360,419300,4193,2574425300
FUTSTKINDUSINDBK28-AUG-2025,757,756,762.25,745.05,747.15,746.6,-1.37,4118,19717600,28168,14826753025
FUTSTKINDUSINDBK28-OCT-2025,764.55,764.45,769,752.9,755.2,755.2,-1.22,1254,349300,499,265286490
FUTSTKINDUSINDBK30-SEP-2025,761,761.45,766.6,749.25,751.1,751.1,-1.3,71003,22052100,31503,16666395025
FUTSTKIRCTC30-SEP-2025,719.85,715.4,717.95,700.75,702.15,702.15,-2.45,16416,6859125,7839,4860064300
FUTSTKIRCTC28-OCT-2025,724.2,720,720.95,704.8,706.5,706.5,-2.44,1329,665875,761,473963918.8
FUTSTKIRCTC28-AUG-2025,716.2,711.8,714.85,691.1,698.6,699.65,-2.31,912,7058625,8067,4971468863
FUTIDXNIFTY28-AUG-2025,24731.5,24689.8,24709.6,24478,24496.3,24500.9,-0.93,44159,7030050,93734,1.72795E+11
FUTIDXNIFTY30-SEP-2025,24857.5,24751.8,24836,24627.3,24651.7,24651.7,-0.82,213694,9041475,120553,2.23335E+11
FUTIDXNIFTY28-OCT-2025,24989.5,24950,24955.4,24755,24773.9,24773.9,-0.86,11852,576150,7682,14307543233
FUTSTKPAYTM28-AUG-2025,1251.1,1247.1,1266.5,1222.4,1231.9,1230.7,-1.63,2589,11152675,15383,13898903370
FUTSTKPAYTM28-OCT-2025,1262.8,1263.5,1279,1237,1243,1243,-1.56,308,166750,230,209503322.5
FUTSTKPAYTM30-SEP-2025,1257.6,1264.4,1273.1,1230.6,1236.2,1236.2,-1.7,39189,13436425,18533,16838421163
FUTSTKTORNTPOWER28-OCT-2025,1282.2,1280,1282.2,1258.8,1260.4,1260.4,-1.7,105,21000,56,26675325
FUTSTKTORNTPOWER30-SEP-2025,1274.4,1268.1,1273.4,1243,1252.5,1252.5,-1.71,7111,854250,2278,1076735888
FUTSTKTORNTPOWER28-AUG-2025,1268.3,1266.4,1269,1235.3,1244.8,1248.3,-1.57,1100,776250,2070,972162525
FUTSTKUNOMINDA28-AUG-2025,1278.9,1279,1303.2,1274,1299.4,1295.6,1.3,680,966350,1757,1248917615
FUTSTKUNOMINDA28-OCT-2025,1290.1,1291.8,1308.9,1285,1306,1306,1.23,51,31350,57,40862415
FUTSTKUNOMINDA30-SEP-2025,1285.2,1285,1305.9,1278,1301.7,1301.7,1.28,7353,2011350,3657,2609946405
FUTSTKATGL28-AUG-2025,637.7,629.05,631.9,584.9,593.9,592.55,-7.08,420,2652125,3031,1601148981
FUTSTKBANKINDIA30-SEP-2025,113.08,111.8,113.76,110.58,110.79,110.79,-2.02,10085,27903200,5366,3115216572
FUTSTKBANKINDIA28-AUG-2025,112.45,110.21,112.92,109.3,110.19,110.27,-1.93,226,25859600,4973,2870854220
FUTSTKBANKINDIA28-OCT-2025,113.58,113.7,114.13,111.2,111.38,111.38,-1.93,361,1185600,228,133282708
FUTSTKCGPOWER30-SEP-2025,675.75,672.2,678.85,662,666.55,666.55,-1.36,20143,3848800,4528,2564041065
FUTSTKCGPOWER28-AUG-2025,672.05,674,676.6,658.15,662.95,664,-1.19,374,3214700,3782,2129583243
FUTSTKCGPOWER28-OCT-2025,678.65,669.75,673.7,665,670.5,670.5,-1.2,302,144500,170,96738330
FUTSTKFORTIS30-SEP-2025,920.35,925,930.35,913.05,915,915,-0.58,12258,2863625,3695,2629193971
FUTSTKFORTIS28-AUG-2025,915.05,918.7,925,907.2,908.95,911.4,-0.39,1091,2235100,2884,2038518731
FUTSTKFORTIS28-OCT-2025,921.45,924.3,924.3,914.95,917.3,917.3,-0.45,88,18600,24,17093361.25
FUTSTKGODREJPROP30-SEP-2025,2015.2,2014.6,2024.4,1972.9,1990.8,1990.8,-1.21,26451,2462350,8954,4904380195
FUTSTKGODREJPROP28-OCT-2025,2025.3,2022.2,2023.1,1984.8,2001.6,2001.6,-1.17,748,98175,357,196556112.5
FUTSTKGODREJPROP28-AUG-2025,2004.8,2007.2,2012.4,1962.4,1979.1,1984.6,-1,1043,2002825,7283,3966892875
FUTSTKHFCL30-SEP-2025,72.06,71.5,72.46,69.55,69.84,69.84,-3.08,15072,47620350,7383,3395494140
FUTSTKHFCL28-OCT-2025,72.53,71.94,72.78,70,70.27,70.27,-3.11,473,1883400,292,135045585
FUTSTKHFCL28-AUG-2025,71.79,71.4,72.11,69.15,69.56,69.71,-2.89,523,41808900,6482,2967895647
FUTSTKINFY30-SEP-2025,1535.7,1540,1540,1506.1,1508.6,1508.6,-1.76,173373,13562400,33906,20522978600
FUTSTKINFY28-OCT-2025,1531.7,1525.1,1527.3,1502,1504.9,1504.9,-1.74,2747,613200,1533,926057520
FUTSTKINFY28-AUG-2025,1528.7,1533,1533,1496.2,1501.5,1500.1,-1.87,9447,14780800,36952,22243414640
FUTSTKLAURUSLABS30-SEP-2025,872.4,870.6,879.85,861.6,866.9,866.9,-0.63,7552,7157000,4210,6235773740
FUTSTKLAURUSLABS28-OCT-2025,876.15,875.3,884.3,866.85,871.65,871.65,-0.51,163,212500,125,186027940
FUTSTKLAURUSLABS28-AUG-2025,868.35,869,875.6,857.05,862.35,862,-0.73,711,6352900,3737,5505640315
FUTSTKMAZDOCK28-OCT-2025,2705.6,2678.6,2720.5,2648.2,2654.5,2654.5,-1.88,519,37450,214,100438310
FUTSTKMAZDOCK30-SEP-2025,2696.1,2684.2,2709,2633.5,2639.7,2639.7,-2.09,18374,1387925,7931,3702193268
FUTSTKMAZDOCK28-AUG-2025,2686.9,2670,2696.4,2620.2,2626.3,2628.1,-2.18,826,1130675,6461,3001223418
FUTSTKNATIONALUM30-SEP-2025,184.77,184.6,186.28,182.38,183.71,183.71,-0.57,16906,30675000,8180,5656901138
FUTSTKNATIONALUM28-OCT-2025,185.16,185,186.95,183.42,184.35,184.35,-0.43,450,2028750,541,374671650
FUTSTKNATIONALUM28-AUG-2025,186.25,186.33,187.69,184.1,184.7,184.79,-0.78,2132,28740000,7664,5336711850
FUTSTKOFSS30-SEP-2025,8555,8559.5,8568.5,8372,8406.5,8406.5,-1.73,11198,333150,4442,2819706638
FUTSTKOFSS28-OCT-2025,8596.5,8500,8560,8426.5,8451,8451,-1.69,217,9300,124,79098112.5
FUTSTKOFSS28-AUG-2025,8534.5,8555,8555,8302.5,8358,8370.5,-1.92,386,333750,4450,2810488238
FUTSTKPATANJALI28-OCT-2025,1815.7,1813.7,1814.2,1779.5,1785,1785,-1.69,68,11700,39,21019410
FUTSTKPATANJALI28-AUG-2025,1797.6,1801.6,1801.6,1756.8,1766.7,1770,-1.53,752,3960300,13201,7076883810
FUTSTKPATANJALI30-SEP-2025,1804.5,1808,1808.2,1765.9,1774.4,1774.4,-1.66,34873,3812100,12707,6838858230
FUTSTKPFC28-OCT-2025,392.9,391.65,392.3,384.5,385.05,385.05,-1.99,1379,1677000,1290,650184470
FUTSTKPFC30-SEP-2025,390.65,391,391,382.3,382.95,382.95,-1.97,40232,17821700,13709,6881200950
FUTSTKPFC28-AUG-2025,388.55,388.2,388.35,380,380.95,381.75,-1.75,2014,16082300,12371,6177446600
FUTSTKPOLICYBZR30-SEP-2025,1847.5,1848.8,1851.3,1808.1,1813.3,1813.3,-1.85,20079,1269800,3628,2318000020
FUTSTKPOLICYBZR28-AUG-2025,1837.1,1840.3,1840.3,1796.5,1802.5,1805.4,-1.72,1195,881300,2518,1598628220
FUTSTKPOLICYBZR28-OCT-2025,1853.2,1840.6,1854.4,1818,1821.6,1821.6,-1.7,67,9100,26,16665740
FUTSTKSUZLON28-AUG-2025,57.1,57.09,57.29,55.9,56.28,56.32,-1.36,1610,52744000,6593,2981824560
FUTSTKSUZLON30-SEP-2025,57.35,57.7,57.7,56.24,56.57,56.57,-1.36,13636,58952000,7369,3351682080
FUTSTKSUZLON28-OCT-2025,57.68,57.75,57.82,56.35,56.9,56.9,-1.35,864,2392000,299,136577680
FUTSTKTRENT28-AUG-2025,5302.5,5257.5,5299,5211,5227.5,5235.5,-1.26,3037,1339000,13390,7044059850
FUTSTKTRENT30-SEP-2025,5327.5,5312,5329,5250,5261.5,5261.5,-1.23,61727,1607000,16070,8503376350
FUTSTKTRENT28-OCT-2025,5357.5,5345,5350.5,5278.5,5289,5289,-1.27,1109,73000,730,388306650
FUTSTKABFRL28-AUG-2025,82.81,82.5,82.82,77.76,78,78.08,-5.71,2768,17651400,6789,1414757994
FUTSTKAMBUJACEM28-AUG-2025,572.75,567.1,569,558.6,560.3,561.8,-1.91,1061,11467050,10921,6460395270
FUTSTKAMBUJACEM30-SEP-2025,575.85,570,572.75,561.35,563.4,563.4,-2.16,27614,13654200,13004,7730835998
FUTSTKAMBUJACEM28-OCT-2025,579.25,575,575,565,566.65,566.65,-2.17,413,354900,338,202436167.5
FUTSTKASHOKLEY30-SEP-2025,131.85,131.87,132.45,130.01,130.26,130.26,-1.2,20611,22695000,4539,2970837300
FUTSTKASHOKLEY28-AUG-2025,131.35,131.74,131.91,129.03,129.6,129.8,-1.18,916,20395000,4079,2655562950
FUTSTKASHOKLEY28-OCT-2025,132.61,132.61,132.61,130.72,130.95,130.95,-1.25,184,690000,138,90833800
FUTSTKCONCOR28-AUG-2025,528.1,527.65,531.7,521.95,527.85,528.85,0.14,851,8545000,6836,4514091188
FUTSTKCONCOR30-SEP-2025,530.9,530,534.65,525.05,530.8,530.8,-0.01,16509,9588750,7671,5092202625
FUTSTKCONCOR28-OCT-2025,533.6,531,537.15,527.7,534.05,534.05,0.08,804,520000,416,277408500
FUTSTKDRREDDY30-SEP-2025,1260,1256.5,1262,1242.9,1252.3,1252.3,-0.61,19674,4142500,6628,5185703000
FUTSTKDRREDDY28-OCT-2025,1261.1,1258.6,1263.9,1245,1253.2,1253.2,-0.62,116,36250,58,45396750
FUTSTKDRREDDY28-AUG-2025,1262.6,1261.1,1264.9,1247.6,1259,1260,-0.2,1675,4131875,6611,5190643625
FUTSTKEICHERMOT28-AUG-2025,6142,6150,6230,6107.5,6124.5,6133,-0.14,3421,840000,4800,5169550750
FUTSTKEICHERMOT30-SEP-2025,6180,6224.5,6265,6151.5,6163.5,6163.5,-0.26,23401,1092875,6245,6769976675
FUTSTKEICHERMOT28-OCT-2025,6211,6280,6284,6185,6192.5,6192.5,-0.29,1144,27300,156,169917300
FUTSTKGLENMARK28-OCT-2025,1971.4,1960.4,1970.1,1948.7,1949,1949,-1.13,138,13875,37,27173325
FUTSTKGLENMARK30-SEP-2025,1962.5,1958.3,1967,1938.4,1942.6,1942.6,-1.01,20093,1876500,5004,3660410625
FUTSTKGLENMARK28-AUG-2025,1954.7,1951.3,1959.7,1927,1932.6,1936.9,-0.91,693,1783125,4755,3461957175
FUTSTKHCLTECH28-AUG-2025,1490.6,1480.3,1480.3,1446,1448.4,1449.8,-2.73,2229,4668650,13339,6795557335
FUTSTKHCLTECH28-OCT-2025,1494.8,1483.8,1483.8,1451,1453.6,1453.6,-2.75,1895,420000,1200,613483745
FUTSTKHCLTECH30-SEP-2025,1498.3,1489.8,1489.8,1453.8,1456,1456,-2.82,51303,6645800,18988,9725538305
FUTSTKJINDALSTEL28-AUG-2025,977.35,977,977.95,959.1,964.15,964.7,-1.29,786,2256250,3610,2185890781
FUTSTKJINDALSTEL30-SEP-2025,981.35,982.8,983.6,964.35,967.05,967.05,-1.45,19983,2879375,4607,2803154375
FUTSTKJINDALSTEL28-OCT-2025,988.3,988,988,970.8,973.6,973.6,-1.48,96,34375,55,33663812.5
FUTSTKJIOFIN30-SEP-2025,317,316.4,318.05,311.4,312.1,312.1,-1.54,46250,34514450,14687,10851183515
FUTSTKJIOFIN28-AUG-2025,315.3,315.1,316.3,309.65,310.45,310.1,-1.64,2430,27537300,11718,8611095953
FUTSTKJIOFIN28-OCT-2025,318.75,318.55,319.45,313.1,313.8,313.8,-1.55,2253,1976350,841,623877177.5
FUTSTKJSWSTEEL30-SEP-2025,1053.9,1057,1059.9,1040.4,1042.8,1042.8,-1.05,61379,6351750,9410,6663989138
FUTSTKJSWSTEEL28-OCT-2025,1060.6,1057.8,1065.2,1046.5,1048,1048,-1.18,137,74925,111,78919920
FUTSTKJSWSTEEL28-AUG-2025,1047.9,1040,1055.9,1034.1,1036.7,1035.8,-1.15,713,4967325,7359,5184282623
FUTSTKKPITTECH28-OCT-2025,1198.2,1203,1207.5,1182,1185.6,1185.6,-1.05,285,60000,150,71654840
FUTSTKKPITTECH30-SEP-2025,1196.6,1200.7,1205.2,1180,1184.9,1184.9,-0.97,8774,1317200,3293,1570798320
FUTSTKKPITTECH28-AUG-2025,1203.2,1207.3,1207.7,1176.1,1181.5,1184.4,-1.56,851,1264000,3160,1509230800
FUTSTKLTIM28-AUG-2025,5180,5160.5,5192,5061,5128,5123,-1.1,842,585150,3901,2996389350
FUTSTKLTIM30-SEP-2025,5178,5171.5,5181.5,5069,5105,5105,-1.4,14748,770400,5136,3936568950
FUTSTKLTIM28-OCT-2025,5180,5180,5180,5080,5103.5,5103.5,-1.47,188,22650,151,115872900
FUTSTKMOTHERSON28-AUG-2025,93.05,92.87,93.39,91.95,92.07,92.11,-1.01,568,55639050,9047,5155226430
FUTSTKMOTHERSON30-SEP-2025,93.53,93.53,93.74,92.42,92.55,92.55,-1.04,24363,60208500,9790,5605476786
FUTSTKMOTHERSON28-OCT-2025,94.05,94.03,94.15,93,93.13,93.13,-0.97,671,2638350,429,246752329.5
FUTSTKNAUKRI28-OCT-2025,1407.8,1415.6,1415.6,1395,1398.1,1398.1,-0.68,102,48750,130,68380387.5
FUTSTKNAUKRI30-SEP-2025,1401,1405.4,1416.7,1387.1,1391.4,1391.4,-0.68,31886,1117125,2979,1558235175
FUTSTKNAUKRI28-AUG-2025,1393.2,1400.7,1408,1378,1383,1386,-0.51,660,818250,2182,1134252300
FUTSTKRELIANCE28-OCT-2025,1401.4,1394.1,1407.7,1382.7,1403.1,1403.1,0.12,16091,1202500,2405,1677236650
FUTSTKRELIANCE30-SEP-2025,1394.2,1396,1401,1375.2,1395.4,1395.4,0.08,234323,29560000,59120,41032146000
FUTSTKRELIANCE28-AUG-2025,1386.5,1386.5,1395,1367.3,1387.6,1385.9,-0.04,8999,22806000,45612,31469543900
FUTSTKSJVN28-AUG-2025,99.51,99.04,100.5,95.47,96.27,96.17,-3.35,1284,8313125,1415,812766065
FUTSTKTATACHEM30-SEP-2025,939.7,938,942.4,920.25,922.2,922.2,-1.86,7598,2746250,4225,2550689895
FUTSTKTATACHEM28-AUG-2025,934.7,934.7,938.5,915.5,917.2,917.8,-1.8,953,2418000,3720,2233250533
FUTSTKWIPRO28-AUG-2025,252.29,252.39,252.39,249.05,250.83,250.65,-0.65,4122,27681000,9227,6941404410
FUTSTKWIPRO28-OCT-2025,249.97,249.63,249.74,246.63,248.12,248.12,-0.74,946,1494000,498,371013840
FUTSTKWIPRO30-SEP-2025,250.57,250.29,250.41,247.12,248.72,248.72,-0.73,38619,29856000,9952,7432747530
FUTSTKADANIENSOL28-AUG-2025,788.15,781.6,793.5,766.35,770.35,770.95,-2.18,1156,5451975,8077,4257844684
FUTSTKADANIENSOL28-OCT-2025,797.4,786.25,801,776.8,778.45,778.45,-2.37,226,101250,150,80084868.75
FUTSTKADANIENSOL30-SEP-2025,792.4,788.05,797.15,770.75,774.05,774.05,-2.31,28290,6145875,9105,4826515309
FUTSTKALKEM28-AUG-2025,5416,5418.5,5432,5351,5368,5376,-0.73,450,243625,1949,1309866625
FUTSTKALKEM28-OCT-2025,5474.5,5488.5,5488.5,5416,5421.5,5421.5,-0.96,53,1750,14,9506687.5
FUTSTKALKEM30-SEP-2025,5445,5439,5464,5378,5397.5,5397.5,-0.87,12036,279000,2232,1507840375
FUTSTKASTRAL28-OCT-2025,1401.2,1401.3,1404.3,1368,1371.9,1371.9,-2.09,558,97750,230,134892407.5
FUTSTKASTRAL28-AUG-2025,1389.8,1389.8,1389.9,1353.3,1358.2,1361.8,-2.01,512,2865350,6742,3916136915
FUTSTKASTRAL30-SEP-2025,1396.9,1392.2,1398.6,1361,1365.9,1365.9,-2.21,16625,3444200,8104,4733117475
FUTSTKAXISBANK30-SEP-2025,1056.7,1062.5,1063.9,1052.6,1058.4,1058.4,0.16,157316,20866875,33387,22048899938
FUTSTKAXISBANK28-AUG-2025,1051.2,1052.8,1058,1046.3,1051.1,1051.9,0.06,6992,17825000,28520,18723706500
FUTSTKAXISBANK28-OCT-2025,1062.3,1062.9,1066.8,1058.7,1063.7,1063.7,0.13,8422,625000,1000,663794562.5
FUTSTKBDL28-AUG-2025,1482.4,1467.7,1483.4,1425.4,1428.5,1428.9,-3.6,787,2100475,6463,3061242048
FUTSTKBDL28-OCT-2025,1489.8,1491,1497,1443,1445.8,1445.8,-2.95,442,74100,228,109083325
FUTSTKBDL30-SEP-2025,1486.3,1480,1491.8,1433.6,1437.4,1437.4,-3.29,15996,2794025,8597,4093354590
FUTSTKBPCL30-SEP-2025,314.2,315.9,316.95,312.1,312.8,312.8,-0.44,16476,11180475,5661,3505895081
FUTSTKBPCL28-AUG-2025,312.4,314.05,315.1,310.5,311.15,310.7,-0.54,2686,8593225,4351,2681486631
FUTSTKBPCL28-OCT-2025,315.75,317.25,317.4,313.75,314.25,314.25,-0.47,178,260700,132,82141928.75
FUTSTKCESC28-AUG-2025,162.17,161.76,162.41,153.02,153.91,154.17,-4.93,529,7608875,2099,1191165648
FUTSTKIDFCFIRSTB28-OCT-2025,69.54,69.7,69.83,68.64,68.93,68.93,-0.87,1735,7624050,822,527225874
FUTSTKIDFCFIRSTB30-SEP-2025,69.22,69.11,69.4,68.33,68.54,68.54,-0.98,44582,133151900,14356,9166292641
FUTSTKIDFCFIRSTB28-AUG-2025,68.85,68.98,69.04,67.96,68.12,68.05,-1.16,834,118803475,12809,8135890690
FUTSTKIGL30-SEP-2025,206.68,207.46,207.84,205.52,205.95,205.95,-0.35,5236,5887750,2141,1216692373
FUTSTKIGL28-AUG-2025,207.81,207.46,209.95,205.84,206.5,206.68,-0.54,1528,4941750,1797,1026834710
FUTSTKIGL28-OCT-2025,206.79,207,207.97,205.45,206.03,206.03,-0.36,297,404250,147,83508672.5
FUTSTKIIFL30-SEP-2025,452,449.5,451.5,436.1,437.6,437.6,-3.18,7554,5075400,3076,2251326660
FUTSTKIIFL28-AUG-2025,449.6,446,448.5,433.15,435.5,436.2,-2.98,263,4253700,2578,1878867623
FUTSTKIIFL28-OCT-2025,454.8,452,452,440,440.4,440.4,-3.16,66,67650,41,30165712.5
FUTSTKINDIANB30-SEP-2025,656.25,656.1,658.5,645.4,648.55,648.55,-1.17,5932,2142000,2142,1398601300
FUTSTKINDIANB28-OCT-2025,658,653.55,657.8,650,651,651,-1.06,27,26000,26,17027850
FUTSTKINDIANB28-AUG-2025,655.05,652.95,657.9,650,652.2,652.85,-0.33,384,1919000,1919,1254500700
FUTSTKKFINTECH30-SEP-2025,1060.9,1055,1074.6,1043.2,1053,1053,-0.74,3196,1147500,2550,1215806355
FUTSTKKFINTECH28-OCT-2025,1067.2,1061.1,1076.8,1053.9,1057.2,1057.2,-0.93,76,19800,44,21124395
FUTSTKKFINTECH28-AUG-2025,1054.8,1052,1069.4,1041,1048.7,1050,-0.45,113,774900,1722,817051455
FUTSTKMCX30-SEP-2025,7729,7748,7749.5,7410,7426,7426,-3.92,16335,1321500,10572,9967936438
FUTSTKMCX28-OCT-2025,7777.5,7777.5,7777.5,7450,7473,7473,-3.91,420,44750,358,339403375
FUTSTKMCX28-AUG-2025,7689.5,7694,7710.5,7359.5,7388.5,7401.5,-3.74,1435,820250,6562,6146979625
FUTSTKNYKAA28-AUG-2025,230.74,231.23,237.83,228.26,233.72,233.85,1.34,622,19181250,6138,4446629813
FUTSTKNYKAA30-SEP-2025,227.75,228.38,231.17,223.96,227.23,227.23,-0.22,20951,27543750,8814,6300303938
FUTSTKNYKAA28-OCT-2025,225.71,224.65,229,221.5,224.82,224.82,-0.39,200,387500,124,87653062.5
FUTSTKPOWERGRID30-SEP-2025,281.7,282,282,275,275.6,275.6,-2.16,39447,17958800,9452,4987335745
FUTSTKPOWERGRID28-AUG-2025,280.2,279.2,279.85,273.6,274.15,274.45,-2.05,3159,14666100,7719,4053622925
FUTSTKPOWERGRID28-OCT-2025,283.15,281.15,281.25,276.6,277.25,277.25,-2.08,560,617500,325,172482380
FUTSTKSBILIFE30-SEP-2025,1826.6,1829.4,1851.9,1815.2,1827.5,1827.5,0.04,18863,1462875,3901,2687473688
FUTSTKSBILIFE28-OCT-2025,1835.8,1835.8,1859.8,1829.1,1837.1,1837.1,0.07,101,26625,71,49045462.5
FUTSTKSBILIFE28-AUG-2025,1815.5,1819.2,1841.2,1806.8,1818.9,1816.8,0.07,1039,1065375,2841,1946125800
FUTSTKTORNTPHARM28-OCT-2025,3649.6,3637.2,3637.2,3606.6,3611.6,3611.6,-1.04,19,1250,5,4522450
FUTSTKTORNTPHARM30-SEP-2025,3630,3634.1,3645.3,3586.4,3592.8,3592.8,-1.02,9764,416750,1667,1502647350
FUTSTKTORNTPHARM28-AUG-2025,3611.3,3594.7,3621.7,3565.7,3574,3576.9,-0.95,160,267500,1070,959763775
FUTSTKTVSMOTOR28-OCT-2025,3303.4,3327,3380.8,3283,3291.6,3291.6,-0.35,200,37450,107,123820200
FUTSTKTVSMOTOR30-SEP-2025,3293.3,3331.2,3351,3268,3277.4,3277.4,-0.48,23366,3045000,8700,10019538340
FUTSTKTVSMOTOR28-AUG-2025,3276,3310.8,3332.6,3246,3257.6,3256,-0.61,1546,2734550,7813,8949084480
FUTSTKZYDUSLIFE28-AUG-2025,985.35,980.65,987.9,969.6,976.3,978.6,-0.68,361,1737000,1930,1694943045
FUTSTKZYDUSLIFE30-SEP-2025,987.3,988.1,991.9,972,980.05,980.05,-0.73,9753,2175300,2417,2130157170
FUTSTKZYDUSLIFE28-OCT-2025,991.65,994.05,994.05,977,985.15,985.15,-0.65,134,71100,79,69946695
FUTSTKBEL28-AUG-2025,365.8,365,367.55,361.45,363.25,363.85,-0.53,2283,36628200,12852,13354688175
FUTSTKBEL28-OCT-2025,369.75,368.55,371.5,365.4,367,367,-0.74,1334,2553600,896,941176590
FUTSTKBEL30-SEP-2025,367.75,367,369.55,363.5,365.2,365.2,-0.69,39208,40498500,14210,14846116830
FUTSTKFEDERALBNK30-SEP-2025,193.56,193.55,193.55,191.65,192.88,192.88,-0.35,17998,44750000,8950,8622296700
FUTSTKFEDERALBNK28-AUG-2025,192.53,192,192.67,190.57,191.91,191.76,-0.39,3081,43140000,8628,8269692500
FUTSTKFEDERALBNK28-OCT-2025,194.6,193.5,194.28,192.69,193.96,193.96,-0.32,304,1110000,222,214888250
FUTSTKMANKIND28-OCT-2025,2528.2,2510,2519.2,2509.5,2502.5,2502.5,-1.01,70,2025,9,5089140
FUTSTKMANKIND30-SEP-2025,2519,2530,2540.4,2483.4,2489.2,2489.2,-1.18,8036,426825,1897,1067795123
FUTSTKMANKIND28-AUG-2025,2504.6,2511,2519.7,2466.1,2472.5,2474.1,-1.21,248,366750,1630,911520045
FUTIDXMIDCPNIFTY28-OCT-2025,12782.35,12750.6,12766.5,12630,12650,12650,-1.03,389,45780,327,581024248
FUTIDXMIDCPNIFTY28-AUG-2025,12696.1,12696.1,12696.1,12528,12543.55,12535.15,-1.26,2056,1154580,8247,14535713815
FUTIDXMIDCPNIFTY30-SEP-2025,12720.65,12740,12740,12569,12593.95,12593.95,-0.99,18415,1447180,10337,18303332089
FUTSTKPHOENIXLTD30-SEP-2025,1567.8,1557.5,1572.7,1505,1516.7,1516.7,-3.25,10368,920500,2630,1410656625
FUTSTKPHOENIXLTD28-AUG-2025,1563.6,1558.2,1564.9,1502.2,1513.6,1509.7,-3.44,2122,745500,2130,1139393290
FUTSTKPHOENIXLTD28-OCT-2025,1576.2,1557.6,1557.6,1520,1522.2,1522.2,-3.42,28,4200,12,6433945
FUTSTKRVNL30-SEP-2025,304,306.05,310.35,299.5,300.45,300.45,-1.16,16835,7639500,5556,2324360706
FUTSTKRVNL28-AUG-2025,311.9,313.45,317.75,306.2,308.45,308.65,-1.04,759,6296125,4579,1967633456
FUTSTKRVNL28-OCT-2025,300.45,304.5,306.55,295.15,295.95,295.95,-1.49,1194,926750,674,277265587.5
FUTSTKSIEMENS30-SEP-2025,3068.8,3074.8,3090,3033.7,3055.4,3055.4,-0.43,16470,710125,5681,2174400838
FUTSTKSIEMENS28-AUG-2025,3054.1,3042.8,3075,3014.1,3034.1,3043.2,-0.35,2284,819875,6559,2496658750
FUTSTKSIEMENS28-OCT-2025,3084.5,3100,3100,3053.2,3069.8,3069.8,-0.47,379,22500,180,69291600
FUTSTKSYNGENE28-AUG-2025,649.05,651,652,625.5,627.6,629.2,-3.05,697,2331000,2331,1481500300
FUTSTKSYNGENE28-OCT-2025,656.9,656.25,656.25,635.25,636.45,636.45,-3.11,74,40000,40,25709600
FUTSTKSYNGENE30-SEP-2025,652.6,654.55,656,629.95,632,632,-3.15,9155,3380000,3380,2161662250
FUTSTKTATAELXSI30-SEP-2025,5393,5423.5,5423.5,5303,5349,5349,-0.81,21670,504900,5049,2709666350
FUTSTKTATAELXSI28-AUG-2025,5456,5477,5477,5306,5325.5,5338,-2.16,4008,410500,4105,2209814150
FUTSTKTATAELXSI28-OCT-2025,5368,5363,5376.5,5281,5326,5326,-0.78,523,15800,158,84419600
FUTSTKYESBANK28-AUG-2025,18.94,18.97,18.99,18.52,18.65,18.68,-1.37,1899,372578000,11980,7010800848
FUTSTKYESBANK30-SEP-2025,19.04,19.08,19.09,18.72,18.75,18.75,-1.52,28682,351367800,11298,6648325994
FUTSTKYESBANK28-OCT-2025,19.16,19.17,19.17,18.83,18.87,18.87,-1.51,1593,38719500,1245,737216170
